docs/evidence/p2-v1-r3b-i3-i1-r2/baseline/r2_base_probes.rs	19d1886dddd63864885ab3787e6034eb283eb275aa23eefc03f84ec5198a03ba	19361	19d1886dddd63864885ab3787e6034eb283eb275aa23eefc03f84ec5198a03ba	19361	unchanged
docs/evidence/p2-v1-r3b-i3-i1-r2/baseline/provenance.txt	6fd0a5e7f2e49477517d2a78f93d890cd46652b96d65a11463977580234c8956	785	6fd0a5e7f2e49477517d2a78f93d890cd46652b96d65a11463977580234c8956	785	unchanged
docs/evidence/p2-v1-r3b-i3-i1-r2/baseline/base-tree.txt	6ca61242d0cc6457295e30919560e4858800faa9901ce6820e1f5cb74d00ef42	283417	6ca61242d0cc6457295e30919560e4858800faa9901ce6820e1f5cb74d00ef42	283417	unchanged
docs/evidence/p2-v1-r3b-i3-i1-r2/baseline/base-store-sources.SHA256SUMS	7262dc82faa846422d6822c7ec1cbc909d4da5241604d5afb31897412df0cc11	838	7262dc82faa846422d6822c7ec1cbc909d4da5241604d5afb31897412df0cc11	838	unchanged
docs/evidence/p2-v1-r3b-i3-i1-r2/baseline/commands.txt	8b05267d1f3def680ac1f4d43f812f3c23e0f5da188ee71a4888295f65c11bd5	524	8b05267d1f3def680ac1f4d43f812f3c23e0f5da188ee71a4888295f65c11bd5	524	unchanged
docs/evidence/p2-v1-r3b-i3-i1-r2/baseline/probe-build.txt	e451b18a153ebbd3eeddacb433a2b5ccecb39587cd1883da7758877418058fa8	332	e451b18a153ebbd3eeddacb433a2b5ccecb39587cd1883da7758877418058fa8	332	unchanged
docs/evidence/p2-v1-r3b-i3-i1-r2/baseline/probe-run.txt	6362f229097164ada5532141829689454476275d5f4be34a908fa76537818e30	5506	1959dc0d325423ae17840d9a98ce20b7f13cce74b22ee918e93bd82f6ac73a1f	5505	whitespace-normalized
docs/evidence/p2-v1-r3b-i3-i1-r2/validation/cleanup-observation.txt	dce97f492dd59aaab0beb76b9e03117154e3c2e79a46df78b5b96a29dee21259	3490	ddc46271a6e6aff6f17e1bd28bc913204bd3463dae41f8742b042a8f12f5dc09	3489	whitespace-normalized
docs/evidence/p2-v1-r3b-i3-i1-r2/validation/clippy.txt	354302ada0bb772ba9f18cacc9d2e118cdcd32826d0450c4a23c119459bfeb52	1790	354302ada0bb772ba9f18cacc9d2e118cdcd32826d0450c4a23c119459bfeb52	1790	unchanged
docs/evidence/p2-v1-r3b-i3-i1-r2/validation/codec-tests.txt	afc57c83556cd6cb9743098b7acff4fd4d02a8336040d23aa9a6263e6a535209	1888	82e92e6ab2f3e52b9829011b30ae7933decd849dc1101450b21eaae6aafab15a	1887	whitespace-normalized
docs/evidence/p2-v1-r3b-i3-i1-r2/validation/commands.txt	353e4553917c91554db2f2609755f86515293957e54d143b9c169df69f6a0449	1159	353e4553917c91554db2f2609755f86515293957e54d143b9c169df69f6a0449	1159	unchanged
docs/evidence/p2-v1-r3b-i3-i1-r2/validation/core-tests.txt	a658322bff6def9924695329eab4315abdeb02a537264b0015a0b46b7a1cf9e4	3851	7294dec36bfa8b775c23fe2a2b2081e1972df5ff567a3e70d1413b7448043199	3850	whitespace-normalized
docs/evidence/p2-v1-r3b-i3-i1-r2/validation/diff-check.txt	e3b0c44298fc1c149afbf4c8996fb92427ae41e4649b934ca495991b7852b855	0	e3b0c44298fc1c149afbf4c8996fb92427ae41e4649b934ca495991b7852b855	0	unchanged
docs/evidence/p2-v1-r3b-i3-i1-r2/validation/fmt-check.txt	e3b0c44298fc1c149afbf4c8996fb92427ae41e4649b934ca495991b7852b855	0	e3b0c44298fc1c149afbf4c8996fb92427ae41e4649b934ca495991b7852b855	0	unchanged
docs/evidence/p2-v1-r3b-i3-i1-r2/validation/live-harness-build-only.txt	7f8f6221865f8ca3a2cd6a94af64a2df4c0c8e20966da1cca3ff127d4ea18f0b	345	7f8f6221865f8ca3a2cd6a94af64a2df4c0c8e20966da1cca3ff127d4ea18f0b	345	unchanged
docs/evidence/p2-v1-r3b-i3-i1-r2/validation/sources.SHA256SUMS	67a96bb0c1a2dbbd2acb891dd2950864d23ca040aa3c8cd13bf0b8f377a4833f	3230	67a96bb0c1a2dbbd2acb891dd2950864d23ca040aa3c8cd13bf0b8f377a4833f	3230	unchanged
docs/evidence/p2-v1-r3b-i3-i1-r2/validation/store-tests-nocapture.txt	1d395015480d5004c99cc337cec88ebab052e4a4b19021a82581a551fc8e1fb8	11256	5af7c83368920fbddb92695498959a37d86477e327d01fab0bd5abd9feb73f24	11253	whitespace-normalized
docs/evidence/p2-v1-r3b-i3-i1-r2/validation/store-tests.txt	b40779319f303098f88ba815f1a6053b7107f0ac2d6e3bf6f23308b384a2bfeb	9871	87bf7d43cd29e76ab765d2aebbd725e8524647819c0ab176346834d8cc58286f	9870	whitespace-normalized
docs/evidence/p2-v1-r3b-i3-i1-r2/validation/toolchain.txt	bc07064b741dd871eaaed33660abc566ee1a73beaa096a272c97607623ae345e	375	bc07064b741dd871eaaed33660abc566ee1a73beaa096a272c97607623ae345e	375	unchanged
docs/evidence/p2-v1-r3b-i3-i1-r2/validation/candidate-runs.txt	2f3440f12b826a466f0c4c06431ee28b1f0ecc3d2e2207ee9b5fbebd6a2ea468	1438	2f3440f12b826a466f0c4c06431ee28b1f0ecc3d2e2207ee9b5fbebd6a2ea468	1438	unchanged
docs/evidence/p2-v1-r3b-i3-i1-r2/validation/candidate-runs.console.txt	61eb531e925698570cb5acd829f83900827dbbf8907ddb66b3e605e4aa3a5381	1445	61eb531e925698570cb5acd829f83900827dbbf8907ddb66b3e605e4aa3a5381	1445	unchanged
docs/evidence/p2-v1-r3b-i3-i1-r2/validation/validate.out	353e4553917c91554db2f2609755f86515293957e54d143b9c169df69f6a0449	1159	353e4553917c91554db2f2609755f86515293957e54d143b9c169df69f6a0449	1159	unchanged
docs/evidence/p2-v1-r3b-i3-i1-r2/controls/store/A-ADMISSION-CLONE.log	7fb5369bd3ff1a86f16e83e378bcd7ccbaa3fa0bee870a84a8a37e732ac4f7aa	1375	7fb5369bd3ff1a86f16e83e378bcd7ccbaa3fa0bee870a84a8a37e732ac4f7aa	1375	unchanged
docs/evidence/p2-v1-r3b-i3-i1-r2/controls/store/A-ADMISSION-FORGED.log	acc02a04eb7e8abc7f906edbb1366fddaf1b3c9c0218ab03fff497c21d055e6c	1080	acc02a04eb7e8abc7f906edbb1366fddaf1b3c9c0218ab03fff497c21d055e6c	1080	unchanged
docs/evidence/p2-v1-r3b-i3-i1-r2/controls/store/A-ENTRY-CALLS.log	59f0084962f8a5a2a4482b491fd98a9f69abec0bd28f70e88ea0f412b4a5e57c	1243	59f0084962f8a5a2a4482b491fd98a9f69abec0bd28f70e88ea0f412b4a5e57c	1243	unchanged
docs/evidence/p2-v1-r3b-i3-i1-r2/controls/store/A-ENTRY-SWITCH.log	bbc3aa52d42e992fd9187d74106be6d41bdae4a9aedfb5711b6acf064647c508	974	bbc3aa52d42e992fd9187d74106be6d41bdae4a9aedfb5711b6acf064647c508	974	unchanged
docs/evidence/p2-v1-r3b-i3-i1-r2/controls/store/A-GATE-SPLIT.log	9e665999341aa656c30b10f2ac47e01a353b3f2b8ef5c3d20f965257f7b829aa	1098	9e665999341aa656c30b10f2ac47e01a353b3f2b8ef5c3d20f965257f7b829aa	1098	unchanged
docs/evidence/p2-v1-r3b-i3-i1-r2/controls/store/A-LOCK-UNLOCK.log	3966dd3ef6dac3453eefe87137e9eff80002c9ec07167a4cc8a6f480b0c151b3	1148	3966dd3ef6dac3453eefe87137e9eff80002c9ec07167a4cc8a6f480b0c151b3	1148	unchanged
docs/evidence/p2-v1-r3b-i3-i1-r2/controls/store/A-SELECTION-KEPT.log	a655d33a6319a9ff259332f7a83dba908fc5345bd462790916c98c97d2cf6cef	1273	a655d33a6319a9ff259332f7a83dba908fc5345bd462790916c98c97d2cf6cef	1273	unchanged
docs/evidence/p2-v1-r3b-i3-i1-r2/controls/store/A-WORKER-LOCK.log	f448ea437722c256f6ffa2c0635fc82217204c2ca37af3353c0864bd4330e91e	1237	f448ea437722c256f6ffa2c0635fc82217204c2ca37af3353c0864bd4330e91e	1237	unchanged
docs/evidence/p2-v1-r3b-i3-i1-r2/controls/store/I-A2-IDENTITY.log	0658ac016d31f92b9c5c99360055d61e98cdc89ce4a346e25f973d9f1efd7133	1714	0658ac016d31f92b9c5c99360055d61e98cdc89ce4a346e25f973d9f1efd7133	1714	unchanged
docs/evidence/p2-v1-r3b-i3-i1-r2/controls/store/I-ACTIVATION-AFTER-SCAN.log	3b2131c369e39836284999a7b3b5de59e0e09b81cd8813ea25b7e3c06d305dd3	1062	3b2131c369e39836284999a7b3b5de59e0e09b81cd8813ea25b7e3c06d305dd3	1062	unchanged
docs/evidence/p2-v1-r3b-i3-i1-r2/controls/store/I-ACTIVATION-ERROR-IGNORED.log	6b241d5401cbc89738cf39a4026c649b7ca50fe327392bcdb376985069f3cb12	1096	6b241d5401cbc89738cf39a4026c649b7ca50fe327392bcdb376985069f3cb12	1096	unchanged
docs/evidence/p2-v1-r3b-i3-i1-r2/controls/store/I-ATTESTATION-ADMITS.log	bc16bffc1d1022f5e9d719929991fc135775476e06fe1849836404f54f03fe64	999	bc16bffc1d1022f5e9d719929991fc135775476e06fe1849836404f54f03fe64	999	unchanged
docs/evidence/p2-v1-r3b-i3-i1-r2/controls/store/I-AUTHORITY-FLAG.log	c0599ae84c9ce7708e09fb5d4355212daa9da79e238f459abcb735499cae4924	1149	c0599ae84c9ce7708e09fb5d4355212daa9da79e238f459abcb735499cae4924	1149	unchanged
docs/evidence/p2-v1-r3b-i3-i1-r2/controls/store/I-BINDING-LOCATION.log	8386ae9a694222123429c04b30c51f4e1d0cd0526441a7816194a552e7dd3684	1107	8386ae9a694222123429c04b30c51f4e1d0cd0526441a7816194a552e7dd3684	1107	unchanged
docs/evidence/p2-v1-r3b-i3-i1-r2/controls/store/I-BINDING-NO-CONTENT.log	2733c84c3e846422d9fb615edc88499c2ea8c1e27bdb33fc8f3746cc89541ffd	1306	2733c84c3e846422d9fb615edc88499c2ea8c1e27bdb33fc8f3746cc89541ffd	1306	unchanged
docs/evidence/p2-v1-r3b-i3-i1-r2/controls/store/I-BOUND-AFTER-EXAMINE.log	31ff4c33259ac0831766ed3f44babf8a5c7a79ebe80ff2b5589a1821b650da66	1134	31ff4c33259ac0831766ed3f44babf8a5c7a79ebe80ff2b5589a1821b650da66	1134	unchanged
docs/evidence/p2-v1-r3b-i3-i1-r2/controls/store/I-BUSY-SUCCESS.log	65e6b3eaac2ee661834a7dd1546889e3fe92bc97f3479c75724dd6aa30a0eb1f	5924	65e6b3eaac2ee661834a7dd1546889e3fe92bc97f3479c75724dd6aa30a0eb1f	5924	unchanged
docs/evidence/p2-v1-r3b-i3-i1-r2/controls/store/I-CLAIM-UNBOUNDED.log	9a6bff378e67c7e3d92dfb2a7daf0ad880095a5d2bcdb9cce31d32c6e877dcc3	1572	9a6bff378e67c7e3d92dfb2a7daf0ad880095a5d2bcdb9cce31d32c6e877dcc3	1572	unchanged
docs/evidence/p2-v1-r3b-i3-i1-r2/controls/store/I-DECIDE-FROM-REPORT.log	35d301b1bdd1f3b358d2c52d2639051b383441a24c17051e0f229a516718a6af	1101	35d301b1bdd1f3b358d2c52d2639051b383441a24c17051e0f229a516718a6af	1101	unchanged
docs/evidence/p2-v1-r3b-i3-i1-r2/controls/store/I-DECIMAL-LEADING-ZERO.log	e07316e97920f22d063b830b140dfe48534238763c99151e36b9a49d05eba255	964	e07316e97920f22d063b830b140dfe48534238763c99151e36b9a49d05eba255	964	unchanged
docs/evidence/p2-v1-r3b-i3-i1-r2/controls/store/I-DELIVERY-DROPPED.log	70aa64d9915468233e11a203d932bd07a7a3b19dc50fce2945174d9c81bc3c3e	1251	70aa64d9915468233e11a203d932bd07a7a3b19dc50fce2945174d9c81bc3c3e	1251	unchanged
docs/evidence/p2-v1-r3b-i3-i1-r2/controls/store/I-DUP-CONFLICT.log	d65710955502f29c93d6571cfe1e95ab6b137fb9b928f017c4c71610c6e8dc28	1207	d65710955502f29c93d6571cfe1e95ab6b137fb9b928f017c4c71610c6e8dc28	1207	unchanged
docs/evidence/p2-v1-r3b-i3-i1-r2/controls/store/I-DUP-RETAINED.log	da44d28be1c6c86d4a82a3e48a2ac2f336ea3ea56822e2813a663076e9ee78fb	1783	da44d28be1c6c86d4a82a3e48a2ac2f336ea3ea56822e2813a663076e9ee78fb	1783	unchanged
docs/evidence/p2-v1-r3b-i3-i1-r2/controls/store/I-DURABLE-BEFORE-SYNC.log	0206e5391428f6eab51af8acf362addaaba0e4dbc2b3951bd4cf6ea41c026450	1695	0206e5391428f6eab51af8acf362addaaba0e4dbc2b3951bd4cf6ea41c026450	1695	unchanged
docs/evidence/p2-v1-r3b-i3-i1-r2/controls/store/I-EXCLUDED-MODE.log	9c36c4a75e6ae33b219caa02e44a65962355d2f0dd69da7d13bb3271e0fd292f	1153	9c36c4a75e6ae33b219caa02e44a65962355d2f0dd69da7d13bb3271e0fd292f	1153	unchanged
docs/evidence/p2-v1-r3b-i3-i1-r2/controls/store/I-EXT4-MAGIC.log	753f97749e1ad3d5c0ad2b3eef76161f903fb3fb6e317076227e302de7eca2c3	1158	753f97749e1ad3d5c0ad2b3eef76161f903fb3fb6e317076227e302de7eca2c3	1158	unchanged
docs/evidence/p2-v1-r3b-i3-i1-r2/controls/store/I-EXTERNAL-JOURNAL.log	f1d698e3f816c9dd43a26947b42ebcc6cf672eeafcb6ad9a1f9c5c0968f53746	1151	f1d698e3f816c9dd43a26947b42ebcc6cf672eeafcb6ad9a1f9c5c0968f53746	1151	unchanged
docs/evidence/p2-v1-r3b-i3-i1-r2/controls/store/I-FAIL-UNISSUED.log	cda50be92df0f54636f07f481c01d94077500bc49e1f73445dbc61e81f3eb4e3	1225	cda50be92df0f54636f07f481c01d94077500bc49e1f73445dbc61e81f3eb4e3	1225	unchanged
docs/evidence/p2-v1-r3b-i3-i1-r2/controls/store/I-FAILURE-AT-CAUSE.log	e12a4a9e5a519c6c1b2b528941c863252a18d3aceb75c74664e9198fe5b0dec3	1291	e12a4a9e5a519c6c1b2b528941c863252a18d3aceb75c74664e9198fe5b0dec3	1291	unchanged
docs/evidence/p2-v1-r3b-i3-i1-r2/controls/store/I-FRESH-ROOT.log	f26e99fc376031f8c3180b153ca4b36ad36905bbbca99b9b05956f68241ce163	1684	f26e99fc376031f8c3180b153ca4b36ad36905bbbca99b9b05956f68241ce163	1684	unchanged
docs/evidence/p2-v1-r3b-i3-i1-r2/controls/store/I-FUTURE-SILENT.log	e20cd18ab1e726d48fa996006f9b3167656466318475a1aeb483cc8caa01c8da	1234	e20cd18ab1e726d48fa996006f9b3167656466318475a1aeb483cc8caa01c8da	1234	unchanged
docs/evidence/p2-v1-r3b-i3-i1-r2/controls/store/I-GRAMMAR-G16.log	9c51dee4e67acd678053a2e3c172d733cf5161a22f248101250e7ab71bda5adb	1101	9c51dee4e67acd678053a2e3c172d733cf5161a22f248101250e7ab71bda5adb	1101	unchanged
docs/evidence/p2-v1-r3b-i3-i1-r2/controls/store/I-HEADER-RESERVED.log	fd950740c93bc913e3bb7fe18a7f064698f44811637e0d90aefc878e07f5f7c5	1043	fd950740c93bc913e3bb7fe18a7f064698f44811637e0d90aefc878e07f5f7c5	1043	unchanged
docs/evidence/p2-v1-r3b-i3-i1-r2/controls/store/I-HIDDEN-STEP.log	cd14b1e9938a4e2a35d87026dd315d0fbd4004ba5623af78d0158ec32ab70d75	1783	cd14b1e9938a4e2a35d87026dd315d0fbd4004ba5623af78d0158ec32ab70d75	1783	unchanged
docs/evidence/p2-v1-r3b-i3-i1-r2/controls/store/I-IDENTITY-UNCHECKED.log	673e72662aa1558341aad87dfac129ddc08463992401bc264ada2d5749490edc	1103	673e72662aa1558341aad87dfac129ddc08463992401bc264ada2d5749490edc	1103	unchanged
docs/evidence/p2-v1-r3b-i3-i1-r2/controls/store/I-INVALID-HEADER-ABANDONED.log	aab2c933f287d54dd459ed578602dfc2a595c38b6fb9dd4fa6c8abed0f2fd527	1133	aab2c933f287d54dd459ed578602dfc2a595c38b6fb9dd4fa6c8abed0f2fd527	1133	unchanged
docs/evidence/p2-v1-r3b-i3-i1-r2/controls/store/I-KERNEL-PREFIX.log	da66eabd8e68b5348e5dd47161e77a8d5bf796d2e194191b0891395793dbeda2	1147	da66eabd8e68b5348e5dd47161e77a8d5bf796d2e194191b0891395793dbeda2	1147	unchanged
docs/evidence/p2-v1-r3b-i3-i1-r2/controls/store/I-LATE-NOTE-MISSING.log	fc88cc7cbc5c9f12a4d4a39dd6a8110014014db6418c9812be08892ec8000466	995	fc88cc7cbc5c9f12a4d4a39dd6a8110014014db6418c9812be08892ec8000466	995	unchanged
docs/evidence/p2-v1-r3b-i3-i1-r2/controls/store/I-NO-A4.log	3d4121087ad5faaafd6f4f12d9d9162a4000de3f74c75f41dbd6aea89e3f8ad9	1114	3d4121087ad5faaafd6f4f12d9d9162a4000de3f74c75f41dbd6aea89e3f8ad9	1114	unchanged
docs/evidence/p2-v1-r3b-i3-i1-r2/controls/store/I-NO-A4-PROFILE.log	01ddb7ed09288345139a7c1bfe896374cc80d92f98221b4eb9e5332f4b2a8ffe	1154	01ddb7ed09288345139a7c1bfe896374cc80d92f98221b4eb9e5332f4b2a8ffe	1154	unchanged
docs/evidence/p2-v1-r3b-i3-i1-r2/controls/store/I-NO-ACTIVATION.log	ca3bd52a2ff16ce9aca11be9bd9784a6241b412a332d4d3ef52ce7f656f28d69	1091	ca3bd52a2ff16ce9aca11be9bd9784a6241b412a332d4d3ef52ce7f656f28d69	1091	unchanged
docs/evidence/p2-v1-r3b-i3-i1-r2/controls/store/I-NO-DROP-GUARD.log	016799e717bf76ee11f3aa055b65338b80987777c2078fb41311704922c88e1e	1237	016799e717bf76ee11f3aa055b65338b80987777c2078fb41311704922c88e1e	1237	unchanged
docs/evidence/p2-v1-r3b-i3-i1-r2/controls/store/I-NO-GATE.log	8b6b12948ebec85c175984bd8a0707f5b2797fa4cc31f466589d00d6853a5a16	1334	8b6b12948ebec85c175984bd8a0707f5b2797fa4cc31f466589d00d6853a5a16	1334	unchanged
docs/evidence/p2-v1-r3b-i3-i1-r2/controls/store/I-NONDETERMINISTIC-REPORT.log	c788b7a26a687689d93cb4e8fc32eb8f7d901e8238dda05a6da5488c26ecb0ef	8274	c788b7a26a687689d93cb4e8fc32eb8f7d901e8238dda05a6da5488c26ecb0ef	8274	unchanged
docs/evidence/p2-v1-r3b-i3-i1-r2/controls/store/I-NO-PROBE.log	66da2088361058651f2ca2620f7149938773744adcf4437bdfff2fc0128dcb8c	1094	66da2088361058651f2ca2620f7149938773744adcf4437bdfff2fc0128dcb8c	1094	unchanged
docs/evidence/p2-v1-r3b-i3-i1-r2/controls/store/I-NO-REVALIDATION.log	a82a129e22d3d7704b7bff52dda7981872655d21deb1cf93c15a28ed56bd1386	1083	a82a129e22d3d7704b7bff52dda7981872655d21deb1cf93c15a28ed56bd1386	1083	unchanged
docs/evidence/p2-v1-r3b-i3-i1-r2/controls/store/I-OPEN-BEFORE-TYPE.log	152983bccee2ad2e2c928dd52259354cd02681432a4fa31f9995cd74177e85e7	998	152983bccee2ad2e2c928dd52259354cd02681432a4fa31f9995cd74177e85e7	998	unchanged
docs/evidence/p2-v1-r3b-i3-i1-r2/controls/store/I-POISON-IGNORED.log	eb171049859c33073535ec8ed460b1482b85670ced56eba047fa5abac99f23de	1383	eb171049859c33073535ec8ed460b1482b85670ced56eba047fa5abac99f23de	1383	unchanged
docs/evidence/p2-v1-r3b-i3-i1-r2/controls/store/I-PRESERVATION-SKIPPED.log	9cb85baa269535cbfa3c8ef61b53ebc920dbc50fa2bb45f36ff8413a07459ef1	1463	9cb85baa269535cbfa3c8ef61b53ebc920dbc50fa2bb45f36ff8413a07459ef1	1463	unchanged
docs/evidence/p2-v1-r3b-i3-i1-r2/controls/store/I-PROBE-FIRST.log	7b6c5949d2d391c7e6874c7b6c74805aacdd917e14333706c28e3e46c130f00e	1060	7b6c5949d2d391c7e6874c7b6c74805aacdd917e14333706c28e3e46c130f00e	1060	unchanged
docs/evidence/p2-v1-r3b-i3-i1-r2/controls/store/I-PROFILE-FROM-PINNED.log	2b817c5b107612a57cbe3958264123c15af910168f3df58335d1f4e9c2f2b1e1	1151	2b817c5b107612a57cbe3958264123c15af910168f3df58335d1f4e9c2f2b1e1	1151	unchanged
docs/evidence/p2-v1-r3b-i3-i1-r2/controls/store/I-PROVISION-INODE-IGNORED.log	ece3c0c8e0dfeeb8c5b83f1bbfcafd65fbd8c34e8767d2007a0cbd96f6e62925	1096	ece3c0c8e0dfeeb8c5b83f1bbfcafd65fbd8c34e8767d2007a0cbd96f6e62925	1096	unchanged
docs/evidence/p2-v1-r3b-i3-i1-r2/controls/store/I-PUBLISH-AFTER-LATCH.log	5496f156bd7684b2f7bb0b0b0ff8d2bde68e002b5808e077b85205ba501f62c7	1096	5496f156bd7684b2f7bb0b0b0ff8d2bde68e002b5808e077b85205ba501f62c7	1096	unchanged
docs/evidence/p2-v1-r3b-i3-i1-r2/controls/store/I-R2-PROTOCOL.log	c60e4a38c907047db5f8751393a49df48cb9d37d5eaf8a76fc001ac4d438f41a	1702	c60e4a38c907047db5f8751393a49df48cb9d37d5eaf8a76fc001ac4d438f41a	1702	unchanged
docs/evidence/p2-v1-r3b-i3-i1-r2/controls/store/I-RECORD-PADDING.log	84072912dbd5a885869e2a6b057a246f017ef7eecabd8b18c0bc781c99b174aa	979	84072912dbd5a885869e2a6b057a246f017ef7eecabd8b18c0bc781c99b174aa	979	unchanged
docs/evidence/p2-v1-r3b-i3-i1-r2/controls/store/I-REFUSE-ONLY-RECORDED.log	30569593e8702be6e1013cb00471805f939fed8841e47befee4493c081a5396e	1250	30569593e8702be6e1013cb00471805f939fed8841e47befee4493c081a5396e	1250	unchanged
docs/evidence/p2-v1-r3b-i3-i1-r2/controls/store/I-RETIRE-FROM-REPORT.log	d361affccd52dc34703700b30e64b6b0950deddc69fb6ddaa394f936b63f7d31	1050	d361affccd52dc34703700b30e64b6b0950deddc69fb6ddaa394f936b63f7d31	1050	unchanged
docs/evidence/p2-v1-r3b-i3-i1-r2/controls/store/I-RETIRE-NO-PRECONDITIONS.log	51bfd9965aaf44b91ba37dbf8087a73a95c1ea755b2177957eaa06f0fd0d5900	1071	51bfd9965aaf44b91ba37dbf8087a73a95c1ea755b2177957eaa06f0fd0d5900	1071	unchanged
docs/evidence/p2-v1-r3b-i3-i1-r2/controls/store/I-SEAL-TAIL.log	318d03749fa562183117e75f2d877395bd4ba565b8332960c47ac72be59b1db1	983	318d03749fa562183117e75f2d877395bd4ba565b8332960c47ac72be59b1db1	983	unchanged
docs/evidence/p2-v1-r3b-i3-i1-r2/controls/store/I-SEAL-WHILE-LATCHED.log	5ba1183ee72565cdaa5a5f3306b93711f2a35c4b32431363ee29bf1f0990890d	1058	5ba1183ee72565cdaa5a5f3306b93711f2a35c4b32431363ee29bf1f0990890d	1058	unchanged
docs/evidence/p2-v1-r3b-i3-i1-r2/controls/store/I-SESSION-NEW-LOCK.log	42e79c4e6d15b7aa38f4ad3a931d1da6c7c52dcaab5fcc0ec463d06b3278b703	1074	42e79c4e6d15b7aa38f4ad3a931d1da6c7c52dcaab5fcc0ec463d06b3278b703	1074	unchanged
docs/evidence/p2-v1-r3b-i3-i1-r2/controls/store/I-SESSION-RELOCK.log	174435706de4cf37bdedd008908f5e6e9e867cecbcd63ae525a855444ccb0090	1045	174435706de4cf37bdedd008908f5e6e9e867cecbcd63ae525a855444ccb0090	1045	unchanged
docs/evidence/p2-v1-r3b-i3-i1-r2/controls/store/I-SESSION-SHARED.log	e6cc8e96eb1346da98ce9a69765cd9412e60ee8bfbd6a1afd73dfc81c89f9773	1045	e6cc8e96eb1346da98ce9a69765cd9412e60ee8bfbd6a1afd73dfc81c89f9773	1045	unchanged
docs/evidence/p2-v1-r3b-i3-i1-r2/controls/store/I-SYNC-BEFORE-LOCK.log	abb7e54ab5c7ca3a61c21973f001600ed100f82d07d38561bf4cbcef9ad37cd9	7145	abb7e54ab5c7ca3a61c21973f001600ed100f82d07d38561bf4cbcef9ad37cd9	7145	unchanged
docs/evidence/p2-v1-r3b-i3-i1-r2/controls/store/I-SYNC-RETRIED-AFTER-EIO.log	484dd6c57b014cc4685cae4557aac589d336a5508ae93ea9afe30042616ade8d	1171	484dd6c57b014cc4685cae4557aac589d336a5508ae93ea9afe30042616ade8d	1171	unchanged
docs/evidence/p2-v1-r3b-i3-i1-r2/controls/store/I-TIMEOUT-STOPS.log	5565b58ba008b36a00bd0a1b0a89c8570e5cdf082749c47a42d39adb07114776	1103	5565b58ba008b36a00bd0a1b0a89c8570e5cdf082749c47a42d39adb07114776	1103	unchanged
docs/evidence/p2-v1-r3b-i3-i1-r2/controls/store/I-TMP-DISPOSITION.log	a2f1ab2cc07a864cfe080b16daec25168b6191b0f741393f44a14d7d9f30f48d	1084	a2f1ab2cc07a864cfe080b16daec25168b6191b0f741393f44a14d7d9f30f48d	1084	unchanged
docs/evidence/p2-v1-r3b-i3-i1-r2/controls/store/I-UNEXPECTED-ACK-IGNORED.log	e562b428e7294d6315ed33e4055538d0ce9d6c08c136d23570e33dc08ef70baf	1180	e562b428e7294d6315ed33e4055538d0ce9d6c08c136d23570e33dc08ef70baf	1180	unchanged
docs/evidence/p2-v1-r3b-i3-i1-r2/controls/store/I-VALIDATOR-INEXACT.log	b9501d7c2d2550bdae0e9bb495b134ce28d7350a56119806f47458e141ba385d	1036	b9501d7c2d2550bdae0e9bb495b134ce28d7350a56119806f47458e141ba385d	1036	unchanged
docs/evidence/p2-v1-r3b-i3-i1-r2/controls/store/I-VANISHED-IGNORED.log	16f741a0a6f26ebbec3a5b7fcb1ce480a0983e88598a66235813ea800341d796	1215	16f741a0a6f26ebbec3a5b7fcb1ce480a0983e88598a66235813ea800341d796	1215	unchanged
docs/evidence/p2-v1-r3b-i3-i1-r2/controls/store/I-VERIFY-CACHED.log	922b9a3d09ee2cf38c3e8c04c09b4bb953de94dea6c63c7641bac22ccd57366d	1029	922b9a3d09ee2cf38c3e8c04c09b4bb953de94dea6c63c7641bac22ccd57366d	1029	unchanged
docs/evidence/p2-v1-r3b-i3-i1-r2/controls/store/I-VISIBLE-RUNENDED-RESOLVES.log	b03b5b2187cd78518230d316ac0dae92eebe1396fbd2e374d4e763ea47fa8af1	1099	b03b5b2187cd78518230d316ac0dae92eebe1396fbd2e374d4e763ea47fa8af1	1099	unchanged
docs/evidence/p2-v1-r3b-i3-i1-r2/controls/store/I-WORKER-IDENTITY.log	6211e67e4caf13529d8034eaf8444dc7c77ef9435fd59336d6fa7394dabaff34	1132	6211e67e4caf13529d8034eaf8444dc7c77ef9435fd59336d6fa7394dabaff34	1132	unchanged
docs/evidence/p2-v1-r3b-i3-i1-r2/controls/store/I-WRITE-CACHE-ALONE.log	f85f7e311afc4f662baa0e35c08d96014bc7599800ee010816c547723090afec	1129	f85f7e311afc4f662baa0e35c08d96014bc7599800ee010816c547723090afec	1129	unchanged
docs/evidence/p2-v1-r3b-i3-i1-r2/controls/store/N-BLOCKING.log	9d00c7c31c52c319353974e19a536b2ec5c823c3d375e239d4a81fb8f65eff08	1076	9d00c7c31c52c319353974e19a536b2ec5c823c3d375e239d4a81fb8f65eff08	1076	unchanged
docs/evidence/p2-v1-r3b-i3-i1-r2/controls/store/NC-ARCHIVE-CAPACITY.log	42410deff4c70d49bdbb2d292310b79b29a6fbfea2e868dba4899fcb47a3146f	1158	42410deff4c70d49bdbb2d292310b79b29a6fbfea2e868dba4899fcb47a3146f	1158	unchanged
docs/evidence/p2-v1-r3b-i3-i1-r2/controls/store/NC-DISP-ARCHIVED-NAME-ONLY.log	831e5cc16e3e1295dff4438af519975034a5eecd8e18691d63f391a3d9a710db	1946	831e5cc16e3e1295dff4438af519975034a5eecd8e18691d63f391a3d9a710db	1946	unchanged
docs/evidence/p2-v1-r3b-i3-i1-r2/controls/store/NC-DISP-FACTS-NOT-VERIFIED.log	32ae56c7747385d5e475699b99a88761dc30c65dd7be435ba91e6ac4162ee477	2410	32ae56c7747385d5e475699b99a88761dc30c65dd7be435ba91e6ac4162ee477	2410	unchanged
docs/evidence/p2-v1-r3b-i3-i1-r2/controls/store/NC-DISP-NO-POSTVERIFY.log	3828c668e1b85d0d60a37ffc1f2b843c833787dd59cf760658c8e5bf8ee8784c	1086	3828c668e1b85d0d60a37ffc1f2b843c833787dd59cf760658c8e5bf8ee8784c	1086	unchanged
docs/evidence/p2-v1-r3b-i3-i1-r2/controls/store/NC-DISP-UNREPORTED.log	16e1de183db2d2932cef0494ce3b64d14748de8ee00018d52949515281b0a5ca	1053	16e1de183db2d2932cef0494ce3b64d14748de8ee00018d52949515281b0a5ca	1053	unchanged
docs/evidence/p2-v1-r3b-i3-i1-r2/controls/store/NC-ENTRY-STAT-DETERMINATE.log	43918f88e300953b5f9451f6b3864b12cd0dc60e2b6cb25745e9bae7d0b72c73	1375	43918f88e300953b5f9451f6b3864b12cd0dc60e2b6cb25745e9bae7d0b72c73	1375	unchanged
docs/evidence/p2-v1-r3b-i3-i1-r2/controls/store/NC-GAP-UNBOUNDED.log	3f8e1f008220f3aba21fa7e65f7b4a78526da3194fdaddd857bbb5264ea3e224	1072	3f8e1f008220f3aba21fa7e65f7b4a78526da3194fdaddd857bbb5264ea3e224	1072	unchanged
docs/evidence/p2-v1-r3b-i3-i1-r2/controls/store/NC-LEFTOVER-AFTER-ACCEPTED.log	df04b1823f99a63b649d16a3e9db397e156c98b305018e5a6b9900760c9c3a72	1032	df04b1823f99a63b649d16a3e9db397e156c98b305018e5a6b9900760c9c3a72	1032	unchanged
docs/evidence/p2-v1-r3b-i3-i1-r2/controls/store/NC-NAMES-EXAMINED-TWICE.log	e99f40607a5ad5a78dadc017aac1a93eb59c633eb12d2d48ecacb02d6f57f8c0	1082	e99f40607a5ad5a78dadc017aac1a93eb59c633eb12d2d48ecacb02d6f57f8c0	1082	unchanged
docs/evidence/p2-v1-r3b-i3-i1-r2/controls/store/NC-OWNER-COLLECTS.log	92d68e699f7f4cbb46e36915da6154332c20e7fbd8fb12049312f5e32d440148	1263	92d68e699f7f4cbb46e36915da6154332c20e7fbd8fb12049312f5e32d440148	1263	unchanged
docs/evidence/p2-v1-r3b-i3-i1-r2/controls/store/NC-PROV-OVER-EXISTING.log	722b9d30d681c83160d138ef94e9457acdfa23efc45fc9a7d4bc92b3dc7aa060	1070	722b9d30d681c83160d138ef94e9457acdfa23efc45fc9a7d4bc92b3dc7aa060	1070	unchanged
docs/evidence/p2-v1-r3b-i3-i1-r2/controls/store/NC-PROV-OVER-HISTORY.log	4bf346b039c52b94f384ef05a45dec19a988201ad9163c1d9b2393ce36e41dcc	1073	4bf346b039c52b94f384ef05a45dec19a988201ad9163c1d9b2393ce36e41dcc	1073	unchanged
docs/evidence/p2-v1-r3b-i3-i1-r2/controls/store/NC-REPUBLISH-OVER-EXISTING.log	ac9f483585606815d78aca20fa4f9339f6e11f19958a59e68e7a53bcda755a0d	1085	ac9f483585606815d78aca20fa4f9339f6e11f19958a59e68e7a53bcda755a0d	1085	unchanged
docs/evidence/p2-v1-r3b-i3-i1-r2/controls/store/NC-REVOKED-BOUND-INDETERMINATE.log	cd223250483b364807cab9424eb2644ccc58c71c86a889007f4320b62631b37e	1169	cd223250483b364807cab9424eb2644ccc58c71c86a889007f4320b62631b37e	1169	unchanged
docs/evidence/p2-v1-r3b-i3-i1-r2/controls/store/NC-SUCC-CAPACITY-BYPASS.log	2fe3d439dfe49ea1a556983577567922d78d38c6e86487e14bdc3265629a8095	1072	2fe3d439dfe49ea1a556983577567922d78d38c6e86487e14bdc3265629a8095	1072	unchanged
docs/evidence/p2-v1-r3b-i3-i1-r2/controls/store/NC-SUCC-CAPACITY-REFUSED.log	8c36416c3df0e0f9ff73275bdfa7804cb401b5f646bac63cb80756be2664e24b	1128	8c36416c3df0e0f9ff73275bdfa7804cb401b5f646bac63cb80756be2664e24b	1128	unchanged
docs/evidence/p2-v1-r3b-i3-i1-r2/controls/store/NC-SUCC-DUAL-LOCK.log	73a3ba050d6a64fdda797074ee1fce4e6aafa5258a8a43478b1c47162efc1532	1089	73a3ba050d6a64fdda797074ee1fce4e6aafa5258a8a43478b1c47162efc1532	1089	unchanged
docs/evidence/p2-v1-r3b-i3-i1-r2/controls/store/NC-SUCC-GATE-PROVISION.log	58dc8b10a5645435921d8156dbfb1403226a1c59ea2cfef71b03fde0e5325b97	1019	58dc8b10a5645435921d8156dbfb1403226a1c59ea2cfef71b03fde0e5325b97	1019	unchanged
docs/evidence/p2-v1-r3b-i3-i1-r2/controls/store/NC-SUCC-INVENT-INVALID.log	b98da7bcac0afdccef4676b255ab40dc527b7725de51a87045bef30be3cb5497	1133	b98da7bcac0afdccef4676b255ab40dc527b7725de51a87045bef30be3cb5497	1133	unchanged
docs/evidence/p2-v1-r3b-i3-i1-r2/controls/store/NC-SUCC-LEFTOVER.log	c85e1a643c595c647768ed16a898ca8ab6f072204b1b93a41e72b43835eaf34e	1071	c85e1a643c595c647768ed16a898ca8ab6f072204b1b93a41e72b43835eaf34e	1071	unchanged
docs/evidence/p2-v1-r3b-i3-i1-r2/controls/store/NC-SUCC-MISSING-DISPOSITION.log	e2966c0229976aa788017a5b568bc7eb106da4544d62d54ece0815704c71cac0	1076	e2966c0229976aa788017a5b568bc7eb106da4544d62d54ece0815704c71cac0	1076	unchanged
docs/evidence/p2-v1-r3b-i3-i1-r2/controls/store/NC-SUCC-MUTATE-BEFORE-GATE.log	90806a85f1b7f2a9175110077e9951e4d807041ff4a7e55c26b107575e0f0314	1141	90806a85f1b7f2a9175110077e9951e4d807041ff4a7e55c26b107575e0f0314	1141	unchanged
docs/evidence/p2-v1-r3b-i3-i1-r2/controls/store/NC-SUCC-NO-GATE.log	bceb10291d5a7b93d06c0544b564f806439b6a9c322a1463c0fce46fbe6a749b	1011	bceb10291d5a7b93d06c0544b564f806439b6a9c322a1463c0fce46fbe6a749b	1011	unchanged
docs/evidence/p2-v1-r3b-i3-i1-r2/controls/store/NC-SUCC-NO-POSTVERIFY.log	128fd3351a7af2190009c38a7dcf4ccf0a4abf8f9c7d4081b062ebec613d6026	1983	128fd3351a7af2190009c38a7dcf4ccf0a4abf8f9c7d4081b062ebec613d6026	1983	unchanged
docs/evidence/p2-v1-r3b-i3-i1-r2/controls/store/NC-SUCC-NO-VERIFY.log	2116347f54db3021cd36ac0f9e022ba5f43289075691f5007ac18bf568de002a	1071	2116347f54db3021cd36ac0f9e022ba5f43289075691f5007ac18bf568de002a	1071	unchanged
docs/evidence/p2-v1-r3b-i3-i1-r2/controls/store/NC-SUCC-OMIT-INVALID.log	75bc1d93d0c7bfb059611df05f5c3cbf79869bb2aa151cee4b597ff2bb58a1e8	1139	75bc1d93d0c7bfb059611df05f5c3cbf79869bb2aa151cee4b597ff2bb58a1e8	1139	unchanged
docs/evidence/p2-v1-r3b-i3-i1-r2/controls/store/NC-SUCC-POSTVERIFY-IGNORED.log	531efa0ba808718e61296014ae9f5fe6e6a40d22da49ea523314d25a86e1fd0b	1135	531efa0ba808718e61296014ae9f5fe6e6a40d22da49ea523314d25a86e1fd0b	1135	unchanged
docs/evidence/p2-v1-r3b-i3-i1-r2/controls/store/NC-SUCC-REPEAT-INVALID.log	5d40dd910c57e38f18c7b4c5f30b67d41dbf32eb84ed909306e41cd9697560e7	1126	5d40dd910c57e38f18c7b4c5f30b67d41dbf32eb84ed909306e41cd9697560e7	1126	unchanged
docs/evidence/p2-v1-r3b-i3-i1-r2/controls/store/NC-SUCC-REPORT-TRUNCATION.log	7d0ecee92fee6803984ef0d24d742c6ac401f8e22ecd9faa4ed6099dd2315c6d	1088	7d0ecee92fee6803984ef0d24d742c6ac401f8e22ecd9faa4ed6099dd2315c6d	1088	unchanged
docs/evidence/p2-v1-r3b-i3-i1-r2/controls/store/NC-SUCC-REUSE-AUTH.log	4cde4ebe280827fd5e24309380cf8a11150adc9de21f8496c4c889d860cac123	1099	4cde4ebe280827fd5e24309380cf8a11150adc9de21f8496c4c889d860cac123	1099	unchanged
docs/evidence/p2-v1-r3b-i3-i1-r2/controls/store/NC-SUCC-SAME-ROOT.log	0a97d5f2543f9713dd30cf38ea0c13075e785c8cb2765c3e83807d8aa40bd04f	1080	0a97d5f2543f9713dd30cf38ea0c13075e785c8cb2765c3e83807d8aa40bd04f	1080	unchanged
docs/evidence/p2-v1-r3b-i3-i1-r2/controls/store/NC-SUCC-STALE.log	7718f3f4401d078bcd06c8dd82d605a43ab30b5e7464bcb657f66dc5bf9df7dc	1105	7718f3f4401d078bcd06c8dd82d605a43ab30b5e7464bcb657f66dc5bf9df7dc	1105	unchanged
docs/evidence/p2-v1-r3b-i3-i1-r2/controls/store/NC-SUCC-STATEMENT-CALLER.log	824b3ca0700e7e02a65f81a6d0d2665a96bab8a5a2b814f575141ae0112e6089	1778	824b3ca0700e7e02a65f81a6d0d2665a96bab8a5a2b814f575141ae0112e6089	1778	unchanged
docs/evidence/p2-v1-r3b-i3-i1-r2/controls/store/NC-SUCC-STATEMENT-TRUNCATED.log	1ca65df3a2053d4804cb0d50c3a18a614aa79a60e841d0aaa5cce15c8d5c9a8e	1090	1ca65df3a2053d4804cb0d50c3a18a614aa79a60e841d0aaa5cce15c8d5c9a8e	1090	unchanged
docs/evidence/p2-v1-r3b-i3-i1-r2/controls/store/NC-SUCC-UNDISPOSITIONED-HISTORY.log	b38f0651df121a9f9fbc098020ddf496648425ad777866ed69b42cddda346db6	1148	b38f0651df121a9f9fbc098020ddf496648425ad777866ed69b42cddda346db6	1148	unchanged
docs/evidence/p2-v1-r3b-i3-i1-r2/controls/store/NC-SUCC-VERIFY-OLD-ROOT.log	81e3a87a4e2c96771ab4fef0ee7f3314b84b8be007247a087e8fb5f40b67eb15	1186	81e3a87a4e2c96771ab4fef0ee7f3314b84b8be007247a087e8fb5f40b67eb15	1186	unchanged
docs/evidence/p2-v1-r3b-i3-i1-r2/controls/store/NC-VERIFY-AFTER-AUTHORIZES.log	a78208926a6e9b95c039f517de9fa0cdd7047aadb4319609369d676db95e8b24	1058	a78208926a6e9b95c039f517de9fa0cdd7047aadb4319609369d676db95e8b24	1058	unchanged
docs/evidence/p2-v1-r3b-i3-i1-r2/controls/store/NC-VERIFY-FIRST-ONLY.log	62ead8ac1040592d8bf21baf1702af4ed68343a5f6c20f865c8b378d6f5aae4d	1405	62ead8ac1040592d8bf21baf1702af4ed68343a5f6c20f865c8b378d6f5aae4d	1405	unchanged
docs/evidence/p2-v1-r3b-i3-i1-r2/controls/store/N-DOT-NAME.log	0c89ffa73036547ac8411d26ec8d9e49d6441c70148a138ffd0831f7d9306ae7	1043	0c89ffa73036547ac8411d26ec8d9e49d6441c70148a138ffd0831f7d9306ae7	1043	unchanged
docs/evidence/p2-v1-r3b-i3-i1-r2/controls/store/N-FOLLOW.log	a3c7bd40fc05bb4a302744f740ccb82b18e7747899feee3fe0fe19b86b60d9de	1085	a3c7bd40fc05bb4a302744f740ccb82b18e7747899feee3fe0fe19b86b60d9de	1085	unchanged
docs/evidence/p2-v1-r3b-i3-i1-r2/controls/store/R1-APPLIED-REASON-INVENTED.log	9fb4f310c79f3f94cfb67cd9021fca05281c0af7543b8e9519b2fc5af8640a8c	1152	9fb4f310c79f3f94cfb67cd9021fca05281c0af7543b8e9519b2fc5af8640a8c	1152	unchanged
docs/evidence/p2-v1-r3b-i3-i1-r2/controls/store/R1-FAULT-ACKS-UNDURABLE.log	06a20f97fae6a2b03cfb7ed74d4ce1f32de67d2d58ae0c43bd635104be03a63f	1253	06a20f97fae6a2b03cfb7ed74d4ce1f32de67d2d58ae0c43bd635104be03a63f	1253	unchanged
docs/evidence/p2-v1-r3b-i3-i1-r2/controls/store/R1-FAULT-INJECTS-NEXT.log	7251e91c3cafe365ce949f8953bd50e3e03dcba2f9bdac08d2dc7967cf6b63d5	1270	7251e91c3cafe365ce949f8953bd50e3e03dcba2f9bdac08d2dc7967cf6b63d5	1270	unchanged
docs/evidence/p2-v1-r3b-i3-i1-r2/controls/store/R1-GUARD-NOT-KEPT.log	2c72a3d86e5e569b883f0ae64db64ffa16f187ba43050fb44d7ec03fbee5e85f	1105	2c72a3d86e5e569b883f0ae64db64ffa16f187ba43050fb44d7ec03fbee5e85f	1105	unchanged
docs/evidence/p2-v1-r3b-i3-i1-r2/controls/store/R1-LATCH-REPLACED.log	b2664f48b0d6c4dc7df5fcec1184a688221fa577f100eb44ebdbffdaa7f43798	1231	b2664f48b0d6c4dc7df5fcec1184a688221fa577f100eb44ebdbffdaa7f43798	1231	unchanged
docs/evidence/p2-v1-r3b-i3-i1-r2/controls/store/R1-REFUSED-CLOSE-SEALS.log	212a6a6a14cd0f315d6e9eb25fdc828d242b81334ad4f64ae3e3f34502f066db	13605	212a6a6a14cd0f315d6e9eb25fdc828d242b81334ad4f64ae3e3f34502f066db	13605	unchanged
docs/evidence/p2-v1-r3b-i3-i1-r2/controls/store/R1-START-FROM-REPORT.log	135007fdc21c552835f5cc0eeba6934944aec53c75a8f209e32205130024eabc	1364	135007fdc21c552835f5cc0eeba6934944aec53c75a8f209e32205130024eabc	1364	unchanged
docs/evidence/p2-v1-r3b-i3-i1-r2/controls/store/R1-VALIDATOR-UNCHECKED.log	f8ea71ea644ed2a5b63d57a04c1051614b2e92c73969313ee52064c6a361fa3d	1161	f8ea71ea644ed2a5b63d57a04c1051614b2e92c73969313ee52064c6a361fa3d	1161	unchanged
docs/evidence/p2-v1-r3b-i3-i1-r2/controls/store/R1-VERIFICATION-NEVER-LAPSES.log	c6e08315608fe9780245c6f35a2c5edbdeffe0fe82cd5363554df0ed392e7065	1115	c6e08315608fe9780245c6f35a2c5edbdeffe0fe82cd5363554df0ed392e7065	1115	unchanged
docs/evidence/p2-v1-r3b-i3-i1-r2/controls/store/R1-VERIFICATION-REUSED.log	4b4dcc327b2684106fc4f3664a53df85352215071d62883adfcc05e6e377f065	1087	4b4dcc327b2684106fc4f3664a53df85352215071d62883adfcc05e6e377f065	1087	unchanged
docs/evidence/p2-v1-r3b-i3-i1-r2/controls/store/S-COMPLETED-TESTS-ABORT.log	8ea65e5673729255448b78f51098451365ff854d0c1433d394cec17aae27413d	1069	8ea65e5673729255448b78f51098451365ff854d0c1433d394cec17aae27413d	1069	unchanged
docs/evidence/p2-v1-r3b-i3-i1-r2/controls/store/S-ERRSEQ-NO-WRAP.log	ce0f8515c2293f96f732d0064c4b4a386a68eb891108af6f02506adf62a103c0	1168	ce0f8515c2293f96f732d0064c4b4a386a68eb891108af6f02506adf62a103c0	1168	unchanged
docs/evidence/p2-v1-r3b-i3-i1-r2/controls/store/S-F1-DURABLE.log	371da22ca9db547d9d4fcbec67b92dec36f1e0bc84402524e870611b5dffc968	1103	371da22ca9db547d9d4fcbec67b92dec36f1e0bc84402524e870611b5dffc968	1103	unchanged
docs/evidence/p2-v1-r3b-i3-i1-r2/controls/store/S-HOME-ERROR-SUCCESS.log	44dcb56baab0e24261c04f0663731972231203c3141b1d288ce7d1acc4115e5e	1059	44dcb56baab0e24261c04f0663731972231203c3141b1d288ce7d1acc4115e5e	1059	unchanged
docs/evidence/p2-v1-r3b-i3-i1-r2/controls/store/S-INFLIGHT-COMPLETE.log	d37aca26924570a6bd316032ac18fa3bdf81e814debd474d297848a75e864b6d	1034	d37aca26924570a6bd316032ac18fa3bdf81e814debd474d297848a75e864b6d	1034	unchanged
docs/evidence/p2-v1-r3b-i3-i1-r2/controls/store/S-INVENTED-ABORT.log	7641c5c7fb0a98bf73e81e6290838c52a095620274f02ffd925db587a36b6e13	1138	7641c5c7fb0a98bf73e81e6290838c52a095620274f02ffd925db587a36b6e13	1138	unchanged
docs/evidence/p2-v1-r3b-i3-i1-r2/controls/store/S-NO-RECLAIM-WHILE-OPEN.log	dd3f2bb1f9339ade58689ecadf80a5d62271bf41fb25275a211fcc8960b37e9b	1071	dd3f2bb1f9339ade58689ecadf80a5d62271bf41fb25275a211fcc8960b37e9b	1071	unchanged
docs/evidence/p2-v1-r3b-i3-i1-r2/controls/store/S-REOPEN-CERTIFIES.log	5bbc6ce8ab95c1a5611d88a93989b01db1bc510e3169dc3d7d3aab380e23293c	1101	5bbc6ce8ab95c1a5611d88a93989b01db1bc510e3169dc3d7d3aab380e23293c	1101	unchanged
docs/evidence/p2-v1-r3b-i3-i1-r2/controls/store/S-SCHEDULES-GUARANTEED-ONLY.log	5789ee9a05470530285f14bc673b11ec90fd2e674e79f5885775627e1c051740	999	5789ee9a05470530285f14bc673b11ec90fd2e674e79f5885775627e1c051740	999	unchanged
docs/evidence/p2-v1-r3b-i3-i1-r2/controls/store/S-TAIL-WITHOUT-HOME.log	48148a170fa25f167b03e79c0b58695515a858d4b404403dccda452938c88285	1031	48148a170fa25f167b03e79c0b58695515a858d4b404403dccda452938c88285	1031	unchanged
docs/evidence/p2-v1-r3b-i3-i1-r2/controls/store/S-TEAR-SPANS.log	0eaab49b75f399b9545061165b383be0253c359c28c3f859b90ec74fb68113e1	957	0eaab49b75f399b9545061165b383be0253c359c28c3f859b90ec74fb68113e1	957	unchanged
docs/evidence/p2-v1-r3b-i3-i1-r2/controls/store/summary.json	80989a5d64018272c63f78b15a357a082cb014c73ae8dadebc7f140c0530b28a	133595	80989a5d64018272c63f78b15a357a082cb014c73ae8dadebc7f140c0530b28a	133595	unchanged
docs/evidence/p2-v1-r3b-i3-i1-r2/controls/store/S-WRITEBACK-ERROR-SWALLOWED.log	02a1d8a4db6c2f584b1a6836f8fe3bb7c3c8c7082898fe3652264a2d32bbc2b0	1181	02a1d8a4db6c2f584b1a6836f8fe3bb7c3c8c7082898fe3652264a2d32bbc2b0	1181	unchanged
docs/evidence/p2-v1-r3b-i3-i1-r2/controls/store/run.out	a9f7f01697d2db4476f495834a326bdc7527e28ae24700ded1cae92500004d54	111876	a9f7f01697d2db4476f495834a326bdc7527e28ae24700ded1cae92500004d54	111876	unchanged
docs/evidence/p2-v1-r3b-i3-i1-r2/controls/i2r1-rerun/I1-NC1.log	4a608ba3251e5f423f2c0c57741269dd0e85b9e3f2e64c8657ba2e43e50f2c6a	1087	4a608ba3251e5f423f2c0c57741269dd0e85b9e3f2e64c8657ba2e43e50f2c6a	1087	unchanged
docs/evidence/p2-v1-r3b-i3-i1-r2/controls/i2r1-rerun/I1-NC2.log	3e9a67924b2f7795eed935295fc8ba3f9cae10938238687ba6be9a1fcbd0e03a	1094	3e9a67924b2f7795eed935295fc8ba3f9cae10938238687ba6be9a1fcbd0e03a	1094	unchanged
docs/evidence/p2-v1-r3b-i3-i1-r2/controls/i2r1-rerun/I1-NC3.log	56f9865f54998eedee14827ee9e91d388b2af9c3c386f4bf1f4f56f606610837	1149	56f9865f54998eedee14827ee9e91d388b2af9c3c386f4bf1f4f56f606610837	1149	unchanged
docs/evidence/p2-v1-r3b-i3-i1-r2/controls/i2r1-rerun/I1-NC4.log	32cd4e1ce8458e63407762e722f11b4938feb0cd108549a5f0cbfa718d92186f	1156	32cd4e1ce8458e63407762e722f11b4938feb0cd108549a5f0cbfa718d92186f	1156	unchanged
docs/evidence/p2-v1-r3b-i3-i1-r2/controls/i2r1-rerun/I1-NC5a.log	1d287c5935604494a0e20de56bf6027808ac0ed627c4eb15a36723dd4ba593c6	1098	1d287c5935604494a0e20de56bf6027808ac0ed627c4eb15a36723dd4ba593c6	1098	unchanged
docs/evidence/p2-v1-r3b-i3-i1-r2/controls/i2r1-rerun/I1-NC5b.log	5d21772e827fb8015e5be4d4513c7ef2926cc01d36fdad6671d3cbc47c1bfba1	1171	5d21772e827fb8015e5be4d4513c7ef2926cc01d36fdad6671d3cbc47c1bfba1	1171	unchanged
docs/evidence/p2-v1-r3b-i3-i1-r2/controls/i2r1-rerun/I1-NC6.log	2be1d6bea6343bcf98048a74fbc3a7e40eb711d299adb76b810f8fe6ed0e702f	1300	2be1d6bea6343bcf98048a74fbc3a7e40eb711d299adb76b810f8fe6ed0e702f	1300	unchanged
docs/evidence/p2-v1-r3b-i3-i1-r2/controls/i2r1-rerun/I1-NC7.log	4c49f7b1c422f1f09e1ef0c8581f51d2679bef6c4bd3e50ce96638e9ea039f98	1137	4c49f7b1c422f1f09e1ef0c8581f51d2679bef6c4bd3e50ce96638e9ea039f98	1137	unchanged
docs/evidence/p2-v1-r3b-i3-i1-r2/controls/i2r1-rerun/I2A-ACTION-GENERATION.log	8ee85f0d12280c25a3d53d2595ff28ec75858d58df150076db002ec7a65483bb	1429	8ee85f0d12280c25a3d53d2595ff28ec75858d58df150076db002ec7a65483bb	1429	unchanged
docs/evidence/p2-v1-r3b-i3-i1-r2/controls/i2r1-rerun/I2A-DEBUG-RECORD.log	b5a57f4e9844ea25a15979b151750f07ce19087815d19a69bd685b0dbf24d148	1414	b5a57f4e9844ea25a15979b151750f07ce19087815d19a69bd685b0dbf24d148	1414	unchanged
docs/evidence/p2-v1-r3b-i3-i1-r2/controls/i2r1-rerun/I2A-DEFAULT-TAG.log	7fd21621ff97957bbd9490a28ff28364ff114f0c91a519ec08899d55be1de523	1611	7fd21621ff97957bbd9490a28ff28364ff114f0c91a519ec08899d55be1de523	1611	unchanged
docs/evidence/p2-v1-r3b-i3-i1-r2/controls/i2r1-rerun/I2A-DIGEST-BYPASS.log	9941bee3b9bafe89f9dfb57a87a3a31a8915427179858b4c522a3e0971917f64	1099	9941bee3b9bafe89f9dfb57a87a3a31a8915427179858b4c522a3e0971917f64	1099	unchanged
docs/evidence/p2-v1-r3b-i3-i1-r2/controls/i2r1-rerun/I2A-INTENT-BYPASS.log	55f0a6a69e6964c158e212396dd71a4e4ce3a674097684d9c22328a1bf94fcb7	1441	55f0a6a69e6964c158e212396dd71a4e4ce3a674097684d9c22328a1bf94fcb7	1441	unchanged
docs/evidence/p2-v1-r3b-i3-i1-r2/controls/i2r1-rerun/I2A-RECORD-GENERATION.log	e265e3d7aca81974cd61f9cf1c4eb7baef237cef851c8ba8fbe2fdc7ba638439	1412	e265e3d7aca81974cd61f9cf1c4eb7baef237cef851c8ba8fbe2fdc7ba638439	1412	unchanged
docs/evidence/p2-v1-r3b-i3-i1-r2/controls/i2r1-rerun/I2A-REQUEST-FIELD.log	07c7517698e53ad12725a86d24f52de38b65e8ebce7766ff6b88d2d22e2daaba	1145	07c7517698e53ad12725a86d24f52de38b65e8ebce7766ff6b88d2d22e2daaba	1145	unchanged
docs/evidence/p2-v1-r3b-i3-i1-r2/controls/i2r1-rerun/I2A-TRAIL.log	fbbbf9e52edca978877c608f2bdf076edf40616570386ef4202826e3d0ff3be2	1113	fbbbf9e52edca978877c608f2bdf076edf40616570386ef4202826e3d0ff3be2	1113	unchanged
docs/evidence/p2-v1-r3b-i3-i1-r2/controls/i2r1-rerun/NC-REQUEST-ALTERED-DIGEST-c13.info.log	829f05a8ddd7f23676ddb73a91d49bfea4ffde5e825b9674d070e92ec61c0fc6	515	829f05a8ddd7f23676ddb73a91d49bfea4ffde5e825b9674d070e92ec61c0fc6	515	unchanged
docs/evidence/p2-v1-r3b-i3-i1-r2/controls/i2r1-rerun/NC-REQUEST-ALTERED-DIGEST-c16.info.log	fd892ba75ac20886e7c18bbb1f3defbb538b3d0b2789c6e95294fda83f1c7e90	508	fd892ba75ac20886e7c18bbb1f3defbb538b3d0b2789c6e95294fda83f1c7e90	508	unchanged
docs/evidence/p2-v1-r3b-i3-i1-r2/controls/i2r1-rerun/NC-REQUEST-ALTERED-DIGEST.log	9c339b9e3064cde75f54069e3cbce25af20b069c777c5e42db36c67a3f83d3d9	1732	9c339b9e3064cde75f54069e3cbce25af20b069c777c5e42db36c67a3f83d3d9	1732	unchanged
docs/evidence/p2-v1-r3b-i3-i1-r2/controls/i2r1-rerun/NC-REQUEST-DEBUG-c13.info.log	d6e3a6c029e635600560506cb0291485fb5370ed58b3afca67b8ef9760a5d61f	515	d6e3a6c029e635600560506cb0291485fb5370ed58b3afca67b8ef9760a5d61f	515	unchanged
docs/evidence/p2-v1-r3b-i3-i1-r2/controls/i2r1-rerun/NC-REQUEST-DEBUG-c16.info.log	96893ce23ce49df251c72b91441737ea74c1df5188621b85d89a69bbfba99266	1024	96893ce23ce49df251c72b91441737ea74c1df5188621b85d89a69bbfba99266	1024	unchanged
docs/evidence/p2-v1-r3b-i3-i1-r2/controls/i2r1-rerun/NC-REQUEST-DEBUG.log	bcfe7f0e865aab831e82ea5822e5a263f5365f7afad88b7fff37ed49d70091b4	1731	bcfe7f0e865aab831e82ea5822e5a263f5365f7afad88b7fff37ed49d70091b4	1731	unchanged
docs/evidence/p2-v1-r3b-i3-i1-r2/controls/i2r1-rerun/R1-A1.log	779d26c66bef9e4e3f13a13ee766da420de90e690f186ba405fbd4121527d650	1255	779d26c66bef9e4e3f13a13ee766da420de90e690f186ba405fbd4121527d650	1255	unchanged
docs/evidence/p2-v1-r3b-i3-i1-r2/controls/i2r1-rerun/R1-A2.log	71fe697e32d0ce66ee2b5a71255bf36a27dd0030b3cdfc5ffb684cbce37b0a49	1140	71fe697e32d0ce66ee2b5a71255bf36a27dd0030b3cdfc5ffb684cbce37b0a49	1140	unchanged
docs/evidence/p2-v1-r3b-i3-i1-r2/controls/i2r1-rerun/R1-B.log	95a9299e22f4ca8e851ac6a39b83fff89cecb73813c3c2ba4ff470657221de09	1034	95a9299e22f4ca8e851ac6a39b83fff89cecb73813c3c2ba4ff470657221de09	1034	unchanged
docs/evidence/p2-v1-r3b-i3-i1-r2/controls/i2r1-rerun/R1-C1.log	d3e47f2f8e08061113be927df4eaf6de3665a9fefc0dc95c3cce51fb3dd7623e	1203	d3e47f2f8e08061113be927df4eaf6de3665a9fefc0dc95c3cce51fb3dd7623e	1203	unchanged
docs/evidence/p2-v1-r3b-i3-i1-r2/controls/i2r1-rerun/R1-C2.log	da60fd1985cacbefa6b7053620ee93de3633167dbf200a62fc70e2c64eeb2f86	1328	da60fd1985cacbefa6b7053620ee93de3633167dbf200a62fc70e2c64eeb2f86	1328	unchanged
docs/evidence/p2-v1-r3b-i3-i1-r2/controls/i2r1-rerun/R1-D.log	083dea55d77dd0bb4313d4b303d424488c49b1a6b8ce8905f346f1f5605bd687	1151	083dea55d77dd0bb4313d4b303d424488c49b1a6b8ce8905f346f1f5605bd687	1151	unchanged
docs/evidence/p2-v1-r3b-i3-i1-r2/controls/i2r1-rerun/R2-A1.log	480dab028a15f58ff57774e9a83b48002d65dc042fbdf2a16a2715dd455d0e44	1828	480dab028a15f58ff57774e9a83b48002d65dc042fbdf2a16a2715dd455d0e44	1828	unchanged
docs/evidence/p2-v1-r3b-i3-i1-r2/controls/i2r1-rerun/R2-A2.log	be5493cd152a46075f350e711066eb2cf57fe9275847fc56e26acd6075f61899	1161	be5493cd152a46075f350e711066eb2cf57fe9275847fc56e26acd6075f61899	1161	unchanged
docs/evidence/p2-v1-r3b-i3-i1-r2/controls/i2r1-rerun/R2-A3.log	6a825cd0989eece771548cc0a74b4a22198e9b733f738c81e1d1f47168e60ad1	1304	6a825cd0989eece771548cc0a74b4a22198e9b733f738c81e1d1f47168e60ad1	1304	unchanged
docs/evidence/p2-v1-r3b-i3-i1-r2/controls/i2r1-rerun/R2-A4.log	902cdc321592d18e2bd04f3a92bd753b9099c15f5bbab5f55f4eba41f7284426	1800	902cdc321592d18e2bd04f3a92bd753b9099c15f5bbab5f55f4eba41f7284426	1800	unchanged
docs/evidence/p2-v1-r3b-i3-i1-r2/controls/i2r1-rerun/R2A-SPLIT.log	b74baad3a7ee20b97bdb18df77d357bb9385de110a74a2779438312a38e81a4f	2730	b74baad3a7ee20b97bdb18df77d357bb9385de110a74a2779438312a38e81a4f	2730	unchanged
docs/evidence/p2-v1-r3b-i3-i1-r2/controls/i2r1-rerun/R2-B1.log	eb826e7029a759dd7c6d925775dac77ebfc738f0615ad4da447f03a71c38546b	1542	eb826e7029a759dd7c6d925775dac77ebfc738f0615ad4da447f03a71c38546b	1542	unchanged
docs/evidence/p2-v1-r3b-i3-i1-r2/controls/i2r1-rerun/R2-B2.log	8e6ed00674bd6bb82dcb4296c17ade131d4796b17a079146e130558fa26383f1	1246	8e6ed00674bd6bb82dcb4296c17ade131d4796b17a079146e130558fa26383f1	1246	unchanged
docs/evidence/p2-v1-r3b-i3-i1-r2/controls/i2r1-rerun/R2-C1.log	ddd2f70e86b8b6a273911b270d678b9c4a1eb0ddd49201aadf00224d2675e3b2	1299	ddd2f70e86b8b6a273911b270d678b9c4a1eb0ddd49201aadf00224d2675e3b2	1299	unchanged
docs/evidence/p2-v1-r3b-i3-i1-r2/controls/i2r1-rerun/summary.json	65bad6a02169500c7dd94a47317dfc2c07995c274b7a93068a141ef363d9a8bc	28990	0ae599e6ff75d6ebcbd52afdd54263ced5d25bf869ad0695c5618063751bde10	28991	whitespace-normalized
docs/evidence/p2-v1-r3b-i3-i1-r2/controls/i2r1-rerun/run.out	9515e303ad8587a2d624227f5cbc852bd16020610eab0ac200279ca5bf57b67d	25710	9515e303ad8587a2d624227f5cbc852bd16020610eab0ac200279ca5bf57b67d	25710	unchanged
docs/evidence/p2-v1-r3b-i3-i1-r2/controls/i2r1-rerun/comparison-with-r1.txt	ac3fb81c5f65ee12d50c9d7cb1212541d6dab7f110a575ae71b78d0d871188e3	3216	ac3fb81c5f65ee12d50c9d7cb1212541d6dab7f110a575ae71b78d0d871188e3	3216	unchanged
docs/evidence/p2-v1-r3b-i3-i1-r2/controls/api-probes/api_probes.json	bc7b337297313201c347ec79bec934fa8ff3f055b17279e86a28fe1e8e12edb9	20201	bc7b337297313201c347ec79bec934fa8ff3f055b17279e86a28fe1e8e12edb9	20201	unchanged
docs/evidence/p2-v1-r3b-i3-i1-r2/controls/api-probes/api_probes.md	bf7eb656432bd18ca304914f7ffebd2d30685f3210f9aa50d9f463391c5223e5	3151	bf7eb656432bd18ca304914f7ffebd2d30685f3210f9aa50d9f463391c5223e5	3151	unchanged
docs/evidence/p2-v1-r3b-i3-i1-r2/controls/api-probes/H-TYPE-ERROR.log	b17440a0d8cfcc519f022ff9a219c9d745a10fc9bd5dbbf5187166fe3571dd57	723	b17440a0d8cfcc519f022ff9a219c9d745a10fc9bd5dbbf5187166fe3571dd57	723	unchanged
docs/evidence/p2-v1-r3b-i3-i1-r2/controls/api-probes/P-B1-CLOSURE-DATA.log	04d16f2ea92e1adf82eb817aa2841e4351ddf7d0c819d62bcbacc26741df89e4	849	04d16f2ea92e1adf82eb817aa2841e4351ddf7d0c819d62bcbacc26741df89e4	849	unchanged
docs/evidence/p2-v1-r3b-i3-i1-r2/controls/api-probes/P-B1-CLOSURE-DATA.reopened.log	8d5ede9d6f4fa83894f3750e845649bd811505b837eb4f6a69aa336b52484d42	627	8d5ede9d6f4fa83894f3750e845649bd811505b837eb4f6a69aa336b52484d42	627	unchanged
docs/evidence/p2-v1-r3b-i3-i1-r2/controls/api-probes/P-B2-CUSTODY-SWAP.log	43e2fbe63b7852d05be9542cafcb2dc587136983b1e6269f48e50cb5b3b105cc	1057	43e2fbe63b7852d05be9542cafcb2dc587136983b1e6269f48e50cb5b3b105cc	1057	unchanged
docs/evidence/p2-v1-r3b-i3-i1-r2/controls/api-probes/P-B2-CUSTODY-SWAP.reopened.log	702972f947ab2ea2fb94684e432abeb3380c2b48cf3a010b2411a46ab8c24de4	596	702972f947ab2ea2fb94684e432abeb3380c2b48cf3a010b2411a46ab8c24de4	596	unchanged
docs/evidence/p2-v1-r3b-i3-i1-r2/controls/api-probes/P-B2-HEADER-SWAP.log	d933bd34cebe5b235637593c7e7cc5afcd621af969cac816b0f8a5ea927c3322	733	d933bd34cebe5b235637593c7e7cc5afcd621af969cac816b0f8a5ea927c3322	733	unchanged
docs/evidence/p2-v1-r3b-i3-i1-r2/controls/api-probes/P-B2-HEADER-SWAP.reopened.log	c01a26d9d1a4ab05f119ed7bee04dc5c61a18efe908000066f2ad14f2865c7be	576	c01a26d9d1a4ab05f119ed7bee04dc5c61a18efe908000066f2ad14f2865c7be	576	unchanged
docs/evidence/p2-v1-r3b-i3-i1-r2/controls/api-probes/P-B3-CLAIM-CALL.log	aab894af68fe75a57a408ad956423946a81c0c259b46e3ae6f97071445dc9d6b	1224	aab894af68fe75a57a408ad956423946a81c0c259b46e3ae6f97071445dc9d6b	1224	unchanged
docs/evidence/p2-v1-r3b-i3-i1-r2/controls/api-probes/P-B3-CLAIM-CALL.reopened.log	ec77b629b5f09e61639a75fb1c9701d731704d2a461ba22da790212c0f56cdc4	661	ec77b629b5f09e61639a75fb1c9701d731704d2a461ba22da790212c0f56cdc4	661	unchanged
docs/evidence/p2-v1-r3b-i3-i1-r2/controls/api-probes/P-B3-DECISION-EDIT.log	3d027f398b3c2d6e2a791a496975ba839a06c331325738ec3fea5ecaafafb680	953	3d027f398b3c2d6e2a791a496975ba839a06c331325738ec3fea5ecaafafb680	953	unchanged
docs/evidence/p2-v1-r3b-i3-i1-r2/controls/api-probes/P-B3-DECISION-EDIT.reopened.log	6d82bba0c4e77275ff19659c2eda7150db3c083afe9b0188c06183c111c7f73d	638	6d82bba0c4e77275ff19659c2eda7150db3c083afe9b0188c06183c111c7f73d	638	unchanged
docs/evidence/p2-v1-r3b-i3-i1-r2/controls/api-probes/P-B3-SCAN-EDIT.log	6561968e7d4af288109dd5682c98a88f662b32940b5ec925def5b1461c091160	946	6561968e7d4af288109dd5682c98a88f662b32940b5ec925def5b1461c091160	946	unchanged
docs/evidence/p2-v1-r3b-i3-i1-r2/controls/api-probes/P-B3-SCAN-EDIT.reopened.log	8d5b5677f5c0c5c8490086391cf2179e1231936298558342786499d22b1315e0	641	8d5b5677f5c0c5c8490086391cf2179e1231936298558342786499d22b1315e0	641	unchanged
docs/evidence/p2-v1-r3b-i3-i1-r2/controls/api-probes/P-B4-ADMISSION-FORGE.log	6fc9424ce1ad82f3736b9ba9fa0a0d16779d66f1509f636f2651c9770c91a8c5	1303	6fc9424ce1ad82f3736b9ba9fa0a0d16779d66f1509f636f2651c9770c91a8c5	1303	unchanged
docs/evidence/p2-v1-r3b-i3-i1-r2/controls/api-probes/P-B4-ADMISSION-FORGE.reopened.log	ba8722cfffc1718bda3abca482fd6af94c44c0ea964ee0aa724ef1f8cef5b34e	775	ba8722cfffc1718bda3abca482fd6af94c44c0ea964ee0aa724ef1f8cef5b34e	775	unchanged
docs/evidence/p2-v1-r3b-i3-i1-r2/controls/api-probes/P-B4-IDENTITY-EDIT.log	3e8e3aad062e4f89045f45dfac0369c3b8498c62f05a7a6dbe68c38ff9eb6873	1164	3e8e3aad062e4f89045f45dfac0369c3b8498c62f05a7a6dbe68c38ff9eb6873	1164	unchanged
docs/evidence/p2-v1-r3b-i3-i1-r2/controls/api-probes/P-B4-IDENTITY-EDIT.reopened.log	eb3ff7a0993f0e554195f006c17fae93a0abc61e9ecfc9f28d4d6769e7af840e	769	eb3ff7a0993f0e554195f006c17fae93a0abc61e9ecfc9f28d4d6769e7af840e	769	unchanged
docs/evidence/p2-v1-r3b-i3-i1-r2/controls/api-probes/P-B4-OPENING-MINT.log	5e12bfa2dcd7f8153ca03bfe03f26e211a488792bfe5bc742fd36b19210b64ad	971	5e12bfa2dcd7f8153ca03bfe03f26e211a488792bfe5bc742fd36b19210b64ad	971	unchanged
docs/evidence/p2-v1-r3b-i3-i1-r2/controls/api-probes/P-B4-OPENING-MINT.reopened.log	0a047cc87cf5afea1ec4f3c4c981e1a6876de7e9e2f69e0365a2c629e12a92e5	519	0a047cc87cf5afea1ec4f3c4c981e1a6876de7e9e2f69e0365a2c629e12a92e5	519	unchanged
docs/evidence/p2-v1-r3b-i3-i1-r2/controls/api-probes/P-B5-VALIDATOR-FROM-COPY.log	a06811ecbc84af721164a62c53e2ff668eafb94f6e91eb471a371cdf3c6df61e	1445	a06811ecbc84af721164a62c53e2ff668eafb94f6e91eb471a371cdf3c6df61e	1445	unchanged
docs/evidence/p2-v1-r3b-i3-i1-r2/controls/api-probes/P-B5-VALIDATOR-FROM-COPY.reopened.log	372b8b14105206f97b8210f97dd758d4f4b5fe7d303a5bc18ce624a861639f5d	793	372b8b14105206f97b8210f97dd758d4f4b5fe7d303a5bc18ce624a861639f5d	793	unchanged
docs/evidence/p2-v1-r3b-i3-i1-r2/controls/api-probes/P-B6-EXCHANGE-TYPE.log	55f9860bbb03abd5f992845dd2ddf7a79b8e50e90ec79651ffb7dbd8d7bde4fc	954	55f9860bbb03abd5f992845dd2ddf7a79b8e50e90ec79651ffb7dbd8d7bde4fc	954	unchanged
docs/evidence/p2-v1-r3b-i3-i1-r2/controls/api-probes/P-B6-EXCHANGE-TYPE.reopened.log	505f130dcda55dae3f19bf32243b31f1c138e6f3a48b8fdf59d8b0fe3adbc1e2	527	505f130dcda55dae3f19bf32243b31f1c138e6f3a48b8fdf59d8b0fe3adbc1e2	527	unchanged
docs/evidence/p2-v1-r3b-i3-i1-r2/controls/api-probes/P-B6-WORKER-TYPE.log	abab08cb426300face244d79d4d10482e6eea0ba5ed86752ee060a35865304f3	959	abab08cb426300face244d79d4d10482e6eea0ba5ed86752ee060a35865304f3	959	unchanged
docs/evidence/p2-v1-r3b-i3-i1-r2/controls/api-probes/P-B6-WORKER-TYPE.reopened.log	9ac3f79d83174dc05bc9a708bd6e2812b1500fcd199c41ba05abd4005030d1ee	529	9ac3f79d83174dc05bc9a708bd6e2812b1500fcd199c41ba05abd4005030d1ee	529	unchanged
docs/evidence/p2-v1-r3b-i3-i1-r2/controls/api-probes/P-CLOSE-TWICE.log	fa82b55c9bccbd17f8dce103f5753b1a567fc384935daa6da7948830e2c39002	1359	fa82b55c9bccbd17f8dce103f5753b1a567fc384935daa6da7948830e2c39002	1359	unchanged
docs/evidence/p2-v1-r3b-i3-i1-r2/controls/api-probes/P-CLOSE-TWICE.variant.log	6394cf727dbeb96d4898684a993f875a90365d1357bac12b10e9963a327a4d87	606	6394cf727dbeb96d4898684a993f875a90365d1357bac12b10e9963a327a4d87	606	unchanged
docs/evidence/p2-v1-r3b-i3-i1-r2/controls/api-probes/POSITIVE-CONTROL.log	66f831d6f3ce6fff305f1a418e5b467dabb28801e8edd41fbedd06fb40e7749a	2703	66f831d6f3ce6fff305f1a418e5b467dabb28801e8edd41fbedd06fb40e7749a	2703	unchanged
docs/evidence/p2-v1-r3b-i3-i1-r2/controls/api-probes/P-PROVISION-REWRITE.log	cdcee998f06cb27355eceff48cf111f454ae4aabf519a61b36ffd9c0820dd0d8	1360	cdcee998f06cb27355eceff48cf111f454ae4aabf519a61b36ffd9c0820dd0d8	1360	unchanged
docs/evidence/p2-v1-r3b-i3-i1-r2/controls/api-probes/P-PROVISION-REWRITE.reopened.log	b273c6926466c79877a7b89736ee7fbf3e0815604da62dde332cfa8f28cba690	708	b273c6926466c79877a7b89736ee7fbf3e0815604da62dde332cfa8f28cba690	708	unchanged
docs/evidence/p2-v1-r3b-i3-i1-r2/controls/api-probes/P-SEAL-AGAIN.log	52ad7dbdcd46d5d71bfbf838c9de9b1d64164a4f40a3f7e62971b682d2aff308	843	52ad7dbdcd46d5d71bfbf838c9de9b1d64164a4f40a3f7e62971b682d2aff308	843	unchanged
docs/evidence/p2-v1-r3b-i3-i1-r2/controls/api-probes/P-SEAL-AGAIN.reopened.log	b479c2c66dd49d012128ab0b5787c8b6d643bcefe668fc6353f80da1f426a74e	626	b479c2c66dd49d012128ab0b5787c8b6d643bcefe668fc6353f80da1f426a74e	626	unchanged
docs/evidence/p2-v1-r3b-i3-i1-r2/controls/api-probes/P-SESSION-VERIFIED.log	31ba124e125e79bb8b0ceebf65b688563aeaec066a534c067ce7483f897827f0	773	31ba124e125e79bb8b0ceebf65b688563aeaec066a534c067ce7483f897827f0	773	unchanged
docs/evidence/p2-v1-r3b-i3-i1-r2/controls/api-probes/P-SESSION-VERIFIED.reopened.log	7655bc555ce177a2b872188cc7dc1b04080ff194b109d3be185ddd83e35dbbbb	611	7655bc555ce177a2b872188cc7dc1b04080ff194b109d3be185ddd83e35dbbbb	611	unchanged
docs/evidence/p2-v1-r3b-i3-i1-r2/controls/api-probes/P-TAKE-ASSESSMENT.log	2689f8351d2126f8f17d277dbe660c56e219d6ea3cde9d92075cda892702707f	1127	2689f8351d2126f8f17d277dbe660c56e219d6ea3cde9d92075cda892702707f	1127	unchanged
docs/evidence/p2-v1-r3b-i3-i1-r2/controls/api-probes/P-TAKE-ASSESSMENT.reopened.log	950eb776b85c98375e023f8ea2e94f062abcb10b3200928b38e911a458ccf6c1	661	950eb776b85c98375e023f8ea2e94f062abcb10b3200928b38e911a458ccf6c1	661	unchanged
docs/evidence/p2-v1-r3b-i3-i1-r2/controls/api-probes/P-VERIFICATION-FORGE.log	9711e39540e5389824530c0c52f5e92e48a0dd17617f4818a9a21a0f753a8920	1350	9711e39540e5389824530c0c52f5e92e48a0dd17617f4818a9a21a0f753a8920	1350	unchanged
docs/evidence/p2-v1-r3b-i3-i1-r2/controls/api-probes/P-VERIFICATION-FORGE.reopened.log	e0e79bdbf0483031b721359c7092b3bd130d4f2f0ddd9cebe2ecb9d1787972d0	972	e0e79bdbf0483031b721359c7092b3bd130d4f2f0ddd9cebe2ecb9d1787972d0	972	unchanged
docs/evidence/p2-v1-r3b-i3-i1-r2/controls/api-probes/P-VERIFICATION-TRANSPLANT.log	f62dc0646b7ac53c9e566d78bfe1197c773da010b894fc78462dad26457f4ec0	1095	f62dc0646b7ac53c9e566d78bfe1197c773da010b894fc78462dad26457f4ec0	1095	unchanged
docs/evidence/p2-v1-r3b-i3-i1-r2/controls/api-probes/P-VERIFICATION-TRANSPLANT.reopened.log	b090e5c2cef2f700a54cb69ddfe596fcb3b9f6232f3e3dd39dbee85fb7df6f15	712	b090e5c2cef2f700a54cb69ddfe596fcb3b9f6232f3e3dd39dbee85fb7df6f15	712	unchanged
docs/evidence/p2-v1-r3b-i3-i1-r2/controls/api-probes/run.out	9686a3ba9e8b7a158ae32d7df662e9bbc8b8af0a16d03c56379d6b8c128c40e0	3241	9686a3ba9e8b7a158ae32d7df662e9bbc8b8af0a16d03c56379d6b8c128c40e0	3241	unchanged
docs/evidence/p2-v1-r3b-i3-i1-r2/checks/checks.txt	7135ecc47d1959f4aa046e5cea05463695a64c75333bbf4d94d206346bce7bbe	1191	7135ecc47d1959f4aa046e5cea05463695a64c75333bbf4d94d206346bce7bbe	1191	unchanged
docs/evidence/p2-v1-r3b-i3-i1-r2/checks/design_checks.json	d88bc7cb140ecd702ef2ae398f9dfb113ef5bc4c874c722e3786ca2b8b7e96c8	85367	d88bc7cb140ecd702ef2ae398f9dfb113ef5bc4c874c722e3786ca2b8b7e96c8	85367	unchanged
docs/evidence/p2-v1-r3b-i3-i1-r2/checks/historical-manifests.txt	a4db3f516de83b95298166aeb2be40170ba784843917bd23df8a2575c562bf70	48609	a4db3f516de83b95298166aeb2be40170ba784843917bd23df8a2575c562bf70	48609	unchanged
docs/evidence/p2-v1-r3b-i3-i1-r2/checks/r5-design-checks-compare.txt	e3b0c44298fc1c149afbf4c8996fb92427ae41e4649b934ca495991b7852b855	0	e3b0c44298fc1c149afbf4c8996fb92427ae41e4649b934ca495991b7852b855	0	unchanged
docs/evidence/p2-v1-r3b-i3-i1-r2/checks/r5-design-checks.txt	4aed99cf292c298b273b588ebb4be4b09612e02225e02450f3d6e36a2bad005d	47644	4aed99cf292c298b273b588ebb4be4b09612e02225e02450f3d6e36a2bad005d	47644	unchanged
docs/evidence/p2-v1-r3b-i3-i1-r2/checks/r5-reference-check.txt	62ec9f3738f567feea25c640727960f04d070f14755e79ee4c30d4cc528815e1	1563	62ec9f3738f567feea25c640727960f04d070f14755e79ee4c30d4cc528815e1	1563	unchanged
docs/evidence/p2-v1-r3b-i3-i1-r2/checks/scope.txt	8feaed48ee498624fd234e57a970ff9ed6d2f461770612f407eb7055ef32064f	5482	8feaed48ee498624fd234e57a970ff9ed6d2f461770612f407eb7055ef32064f	5482	unchanged
docs/evidence/p2-v1-r3b-i3-i1-r2/matrices/api-type-guards.md	86bc688c733f853832b938f58ac65b387121e1c4afdbb6f84cc530c7966f93aa	5914	86bc688c733f853832b938f58ac65b387121e1c4afdbb6f84cc530c7966f93aa	5914	unchanged
docs/evidence/p2-v1-r3b-i3-i1-r2/matrices/behavioural-controls.md	b94d177a21080332ff9b3c135385c3bfe100edf10493b7215d498e4d10335064	35201	b94d177a21080332ff9b3c135385c3bfe100edf10493b7215d498e4d10335064	35201	unchanged
docs/evidence/p2-v1-r3b-i3-i1-r2/matrices/control_mapping.json	ce36e07ecd96e264213d6b752cb1ea3a55198b2e9cce09fa58c4eb5ad282815a	31849	ce36e07ecd96e264213d6b752cb1ea3a55198b2e9cce09fa58c4eb5ad282815a	31849	unchanged
docs/evidence/p2-v1-r3b-i3-i1-r2/matrices/control_mapping.md	8a9e289ed720a947535d52269f57d339d3152e9e2a43302d1b1fbe62f06d2060	13730	8a9e289ed720a947535d52269f57d339d3152e9e2a43302d1b1fbe62f06d2060	13730	unchanged
docs/evidence/p2-v1-r3b-i3-i1-r2/matrices/coverage-matrix.json	db3d223dd662c94f2a16784084e868be6d6da6d0bf963ceaf2381f41e929021f	63699	db3d223dd662c94f2a16784084e868be6d6da6d0bf963ceaf2381f41e929021f	63699	unchanged
docs/evidence/p2-v1-r3b-i3-i1-r2/matrices/coverage-matrix.md	3f9860da27e68cb2881a35da8d47f6998779aabb1b75f5755c5a65a55e36dd8d	44643	3f9860da27e68cb2881a35da8d47f6998779aabb1b75f5755c5a65a55e36dd8d	44643	unchanged
docs/evidence/p2-v1-r3b-i3-i1-r2/matrices/successor-requirements.md	09dcbf8f609e23f4273a9efa7c6aa95fa4553985caf3263d37fa7e37235bf1e4	7399	09dcbf8f609e23f4273a9efa7c6aa95fa4553985caf3263d37fa7e37235bf1e4	7399	unchanged
docs/evidence/p2-v1-r3b-i3-i1-r2/scope/preflight-before-commit.txt	a2437519d227d15fcc7568daa7018de1f44834b6cd073835f82f1878363ede8a	3465	a2437519d227d15fcc7568daa7018de1f44834b6cd073835f82f1878363ede8a	3465	unchanged
docs/evidence/p2-v1-r3b-i3-i1-r2/scripts/scripts.adaptation.diff	005944453c9fa435e0db48ba574f225b45c9a891fbe733167511195942ca7748	54974	5d70b3db5cd5e75fa51be26e7dfecfe69c0e76c7c6c7d1a0f4423f219bdbc35e	54953	whitespace-normalized
docs/evidence/p2-v1-r3b-i3-i1-r2/checks/adaptation-diff-apply.txt	1bd84bbf5bea30306e8dff8d1a232da4a6ea6989f861d82dce728afb902906fb	1210	1bd84bbf5bea30306e8dff8d1a232da4a6ea6989f861d82dce728afb902906fb	1210	unchanged
